Start,Finish,Steps (count)
17-Jun-2018 16:00,17-Jun-2018 17:00,347.0
17-Jun-2018 17:00,17-Jun-2018 18:00,22.0
17-Jun-2018 18:00,17-Jun-2018 19:00,114.17046236746
17-Jun-2018 19:00,17-Jun-2018 20:00,20.8295376325404
17-Jun-2018 20:00,17-Jun-2018 21:00,0.0
17-Jun-2018 21:00,17-Jun-2018 22:00,0.0
17-Jun-2018 22:00,17-Jun-2018 23:00,0.0
17-Jun-2018 23:00,18-Jun-2018 00:00,39.0
18-Jun-2018 00:00,18-Jun-2018 01:00,16.0
18-Jun-2018 01:00,18-Jun-2018 02:00,0.0
18-Jun-2018 02:00,18-Jun-2018 03:00,0.0
18-Jun-2018 03:00,18-Jun-2018 04:00,0.0
18-Jun-2018 04:00,18-Jun-2018 05:00,0.0
18-Jun-2018 05:00,18-Jun-2018 06:00,0.0
18-Jun-2018 06:00,18-Jun-2018 07:00,0.0
18-Jun-2018 07:00,18-Jun-2018 08:00,0.0
18-Jun-2018 08:00,18-Jun-2018 09:00,216.0
18-Jun-2018 09:00,18-Jun-2018 10:00,931.0
18-Jun-2018 10:00,18-Jun-2018 11:00,246.0
18-Jun-2018 11:00,18-Jun-2018 12:00,0.0
18-Jun-2018 12:00,18-Jun-2018 13:00,0.0
18-Jun-2018 13:00,18-Jun-2018 14:00,0.0
18-Jun-2018 14:00,18-Jun-2018 15:00,1419.0
18-Jun-2018 15:00,18-Jun-2018 16:00,0.0
18-Jun-2018 16:00,18-Jun-2018 17:00,871.0
18-Jun-2018 17:00,18-Jun-2018 18:00,380.373490116858
18-Jun-2018 18:00,18-Jun-2018 19:00,725.626509883142
18-Jun-2018 19:00,18-Jun-2018 20:00,76.9189340998944
18-Jun-2018 20:00,18-Jun-2018 21:00,5.08106590010558
18-Jun-2018 21:00,18-Jun-2018 22:00,16.0
18-Jun-2018 22:00,18-Jun-2018 23:00,0.0
18-Jun-2018 23:00,19-Jun-2018 00:00,0.0
19-Jun-2018 00:00,19-Jun-2018 01:00,9.0
19-Jun-2018 01:00,19-Jun-2018 02:00,0.0
19-Jun-2018 02:00,19-Jun-2018 03:00,0.0
19-Jun-2018 03:00,19-Jun-2018 04:00,0.0
19-Jun-2018 04:00,19-Jun-2018 05:00,0.0
19-Jun-2018 05:00,19-Jun-2018 06:00,0.0
19-Jun-2018 06:00,19-Jun-2018 07:00,0.0
19-Jun-2018 07:00,19-Jun-2018 08:00,0.0
19-Jun-2018 08:00,19-Jun-2018 09:00,0.0
19-Jun-2018 09:00,19-Jun-2018 10:00,134.0
19-Jun-2018 10:00,19-Jun-2018 11:00,150.491922586651
19-Jun-2018 11:00,19-Jun-2018 12:00,554.508077413349
19-Jun-2018 12:00,19-Jun-2018 13:00,1065.0
19-Jun-2018 13:00,19-Jun-2018 14:00,1720.40953148538
19-Jun-2018 14:00,19-Jun-2018 15:00,1221.59046851462
19-Jun-2018 15:00,19-Jun-2018 16:00,109.0
19-Jun-2018 16:00,19-Jun-2018 17:00,71.0
19-Jun-2018 17:00,19-Jun-2018 18:00,0.0
19-Jun-2018 18:00,19-Jun-2018 19:00,10.0
19-Jun-2018 19:00,19-Jun-2018 20:00,16.0
19-Jun-2018 20:00,19-Jun-2018 21:00,0.0
19-Jun-2018 21:00,19-Jun-2018 22:00,22.0
19-Jun-2018 22:00,19-Jun-2018 23:00,12.2061508160561
19-Jun-2018 23:00,20-Jun-2018 00:00,26.7938491839439
20-Jun-2018 00:00,20-Jun-2018 01:00,0.0
20-Jun-2018 01:00,20-Jun-2018 02:00,0.0
20-Jun-2018 02:00,20-Jun-2018 03:00,0.0
20-Jun-2018 03:00,20-Jun-2018 04:00,0.0
20-Jun-2018 04:00,20-Jun-2018 05:00,0.0
20-Jun-2018 05:00,20-Jun-2018 06:00,7.84865019114441
20-Jun-2018 06:00,20-Jun-2018 07:00,153.151349808856
20-Jun-2018 07:00,20-Jun-2018 08:00,1851.0
20-Jun-2018 08:00,20-Jun-2018 09:00,260.0
20-Jun-2018 09:00,20-Jun-2018 10:00,296.0
20-Jun-2018 10:00,20-Jun-2018 11:00,131.0
20-Jun-2018 11:00,20-Jun-2018 12:00,42.0
20-Jun-2018 12:00,20-Jun-2018 13:00,0.0
20-Jun-2018 13:00,20-Jun-2018 14:00,0.0
20-Jun-2018 14:00,20-Jun-2018 15:00,12.9221557495203
20-Jun-2018 15:00,20-Jun-2018 16:00,24.0778442504797
20-Jun-2018 16:00,20-Jun-2018 17:00,142.0
20-Jun-2018 17:00,20-Jun-2018 18:00,1018.6855755402
20-Jun-2018 18:00,20-Jun-2018 19:00,973.314424459805
20-Jun-2018 19:00,20-Jun-2018 20:00,0.0
20-Jun-2018 20:00,20-Jun-2018 21:00,38.2143331844516
20-Jun-2018 21:00,20-Jun-2018 22:00,136.956054703785
20-Jun-2018 22:00,20-Jun-2018 23:00,724.702363762715
20-Jun-2018 23:00,21-Jun-2018 00:00,349.893713962467
21-Jun-2018 00:00,21-Jun-2018 01:00,15.2335343865817
21-Jun-2018 01:00,21-Jun-2018 02:00,0.0
21-Jun-2018 02:00,21-Jun-2018 03:00,0.0
21-Jun-2018 03:00,21-Jun-2018 04:00,0.0
21-Jun-2018 04:00,21-Jun-2018 05:00,0.0
21-Jun-2018 05:00,21-Jun-2018 06:00,0.0
21-Jun-2018 06:00,21-Jun-2018 07:00,0.0
21-Jun-2018 07:00,21-Jun-2018 08:00,0.0
21-Jun-2018 08:00,21-Jun-2018 09:00,0.0
21-Jun-2018 09:00,21-Jun-2018 10:00,172.0
21-Jun-2018 10:00,21-Jun-2018 11:00,1093.0
21-Jun-2018 11:00,21-Jun-2018 12:00,149.766047207828
21-Jun-2018 12:00,21-Jun-2018 13:00,1215.23395279217
21-Jun-2018 13:00,21-Jun-2018 14:00,0.0
21-Jun-2018 14:00,21-Jun-2018 15:00,0.0
21-Jun-2018 15:00,21-Jun-2018 16:00,4.0
21-Jun-2018 16:00,21-Jun-2018 17:00,654.0
21-Jun-2018 17:00,21-Jun-2018 18:00,1200.0
21-Jun-2018 18:00,21-Jun-2018 19:00,990.0
21-Jun-2018 19:00,21-Jun-2018 20:00,0.0
21-Jun-2018 20:00,21-Jun-2018 21:00,0.0
21-Jun-2018 21:00,21-Jun-2018 22:00,512.0
21-Jun-2018 22:00,21-Jun-2018 23:00,196.0
21-Jun-2018 23:00,22-Jun-2018 00:00,0.0
22-Jun-2018 00:00,22-Jun-2018 01:00,0.0
22-Jun-2018 01:00,22-Jun-2018 02:00,0.0
22-Jun-2018 02:00,22-Jun-2018 03:00,0.0
22-Jun-2018 03:00,22-Jun-2018 04:00,0.0
22-Jun-2018 04:00,22-Jun-2018 05:00,0.0
22-Jun-2018 05:00,22-Jun-2018 06:00,0.0
22-Jun-2018 06:00,22-Jun-2018 07:00,0.0
22-Jun-2018 07:00,22-Jun-2018 08:00,0.0
22-Jun-2018 08:00,22-Jun-2018 09:00,0.0
22-Jun-2018 09:00,22-Jun-2018 10:00,441.874427214589
22-Jun-2018 10:00,22-Jun-2018 11:00,827.870253303453
22-Jun-2018 11:00,22-Jun-2018 12:00,103.255319481958
22-Jun-2018 12:00,22-Jun-2018 13:00,1428.95045687343
22-Jun-2018 13:00,22-Jun-2018 14:00,1177.23000603946
22-Jun-2018 14:00,22-Jun-2018 15:00,121.819537087114
22-Jun-2018 15:00,22-Jun-2018 16:00,0.0
22-Jun-2018 16:00,22-Jun-2018 17:00,18.0
22-Jun-2018 17:00,22-Jun-2018 18:00,1157.0
22-Jun-2018 18:00,22-Jun-2018 19:00,164.0
22-Jun-2018 19:00,22-Jun-2018 20:00,0.0
22-Jun-2018 20:00,22-Jun-2018 21:00,25.0
22-Jun-2018 21:00,22-Jun-2018 22:00,0.0
22-Jun-2018 22:00,22-Jun-2018 23:00,0.0
22-Jun-2018 23:00,23-Jun-2018 00:00,4.0
23-Jun-2018 00:00,23-Jun-2018 01:00,16.0
23-Jun-2018 01:00,23-Jun-2018 02:00,0.0
23-Jun-2018 02:00,23-Jun-2018 03:00,0.0
23-Jun-2018 03:00,23-Jun-2018 04:00,0.0
23-Jun-2018 04:00,23-Jun-2018 05:00,0.0
23-Jun-2018 05:00,23-Jun-2018 06:00,0.0
23-Jun-2018 06:00,23-Jun-2018 07:00,0.0
23-Jun-2018 07:00,23-Jun-2018 08:00,0.0
23-Jun-2018 08:00,23-Jun-2018 09:00,0.0
23-Jun-2018 09:00,23-Jun-2018 10:00,0.0
23-Jun-2018 10:00,23-Jun-2018 11:00,19.0
23-Jun-2018 11:00,23-Jun-2018 12:00,0.0
23-Jun-2018 12:00,23-Jun-2018 13:00,346.009836831882
23-Jun-2018 13:00,23-Jun-2018 14:00,44.990163168118
23-Jun-2018 14:00,23-Jun-2018 15:00,483.0
23-Jun-2018 15:00,23-Jun-2018 16:00,0.0
23-Jun-2018 16:00,23-Jun-2018 17:00,10.0
23-Jun-2018 17:00,23-Jun-2018 18:00,90.1203502590368
23-Jun-2018 18:00,23-Jun-2018 19:00,164.14508909771
23-Jun-2018 19:00,23-Jun-2018 20:00,87.734560643253
23-Jun-2018 20:00,23-Jun-2018 21:00,372.0
23-Jun-2018 21:00,23-Jun-2018 22:00,0.0
23-Jun-2018 22:00,23-Jun-2018 23:00,126.920689487168
23-Jun-2018 23:00,24-Jun-2018 00:00,127.039035195859
24-Jun-2018 00:00,24-Jun-2018 01:00,18.0402753169726
24-Jun-2018 01:00,24-Jun-2018 02:00,0.0
24-Jun-2018 02:00,24-Jun-2018 03:00,0.0
24-Jun-2018 03:00,24-Jun-2018 04:00,0.0
24-Jun-2018 04:00,24-Jun-2018 05:00,0.0
24-Jun-2018 05:00,24-Jun-2018 06:00,0.0
24-Jun-2018 06:00,24-Jun-2018 07:00,0.0
24-Jun-2018 07:00,24-Jun-2018 08:00,171.0
24-Jun-2018 08:00,24-Jun-2018 09:00,510.0
24-Jun-2018 09:00,24-Jun-2018 10:00,259.0
24-Jun-2018 10:00,24-Jun-2018 11:00,419.0
24-Jun-2018 11:00,24-Jun-2018 12:00,198.0
24-Jun-2018 12:00,24-Jun-2018 13:00,159.863363909732
24-Jun-2018 13:00,24-Jun-2018 14:00,510.136636090268
24-Jun-2018 14:00,24-Jun-2018 15:00,428.0
24-Jun-2018 15:00,24-Jun-2018 16:00,1389.29946692123
24-Jun-2018 16:00,24-Jun-2018 17:00,222.700533078769
24-Jun-2018 17:00,24-Jun-2018 18:00,0.0
24-Jun-2018 18:00,24-Jun-2018 19:00,11.3075167625879
24-Jun-2018 19:00,24-Jun-2018 20:00,54.6924832374121
24-Jun-2018 20:00,24-Jun-2018 21:00,0.0
24-Jun-2018 21:00,24-Jun-2018 22:00,0.0
24-Jun-2018 22:00,24-Jun-2018 23:00,0.0
24-Jun-2018 23:00,25-Jun-2018 00:00,0.0
25-Jun-2018 00:00,25-Jun-2018 01:00,0.0
25-Jun-2018 01:00,25-Jun-2018 02:00,0.0
25-Jun-2018 02:00,25-Jun-2018 03:00,0.0
25-Jun-2018 03:00,25-Jun-2018 04:00,0.0
25-Jun-2018 04:00,25-Jun-2018 05:00,0.0
25-Jun-2018 05:00,25-Jun-2018 06:00,0.0
25-Jun-2018 06:00,25-Jun-2018 07:00,0.0
25-Jun-2018 07:00,25-Jun-2018 08:00,0.0
25-Jun-2018 08:00,25-Jun-2018 09:00,0.0
25-Jun-2018 09:00,25-Jun-2018 10:00,114.0
25-Jun-2018 10:00,25-Jun-2018 11:00,902.0
25-Jun-2018 11:00,25-Jun-2018 12:00,0.0
25-Jun-2018 12:00,25-Jun-2018 13:00,0.0
25-Jun-2018 13:00,25-Jun-2018 14:00,8.0
25-Jun-2018 14:00,25-Jun-2018 15:00,0.0
25-Jun-2018 15:00,25-Jun-2018 16:00,966.0
25-Jun-2018 16:00,25-Jun-2018 17:00,123.0
25-Jun-2018 17:00,25-Jun-2018 18:00,31.0
25-Jun-2018 18:00,25-Jun-2018 19:00,0.0
25-Jun-2018 19:00,25-Jun-2018 20:00,0.0
25-Jun-2018 20:00,25-Jun-2018 21:00,0.0
25-Jun-2018 21:00,25-Jun-2018 22:00,0.0
25-Jun-2018 22:00,25-Jun-2018 23:00,31.0
25-Jun-2018 23:00,26-Jun-2018 00:00,0.0
26-Jun-2018 00:00,26-Jun-2018 01:00,0.0
26-Jun-2018 01:00,26-Jun-2018 02:00,0.0
26-Jun-2018 02:00,26-Jun-2018 03:00,0.0
26-Jun-2018 03:00,26-Jun-2018 04:00,0.0
26-Jun-2018 04:00,26-Jun-2018 05:00,0.0
26-Jun-2018 05:00,26-Jun-2018 06:00,0.0
26-Jun-2018 06:00,26-Jun-2018 07:00,0.0
26-Jun-2018 07:00,26-Jun-2018 08:00,0.0
26-Jun-2018 08:00,26-Jun-2018 09:00,0.0
26-Jun-2018 09:00,26-Jun-2018 10:00,159.0
26-Jun-2018 10:00,26-Jun-2018 11:00,984.0
26-Jun-2018 11:00,26-Jun-2018 12:00,0.0
26-Jun-2018 12:00,26-Jun-2018 13:00,0.0
26-Jun-2018 13:00,26-Jun-2018 14:00,842.0
26-Jun-2018 14:00,26-Jun-2018 15:00,16.0
26-Jun-2018 15:00,26-Jun-2018 16:00,0.0
26-Jun-2018 16:00,26-Jun-2018 17:00,0.0
26-Jun-2018 17:00,26-Jun-2018 18:00,0.0
26-Jun-2018 18:00,26-Jun-2018 19:00,1074.0
26-Jun-2018 19:00,26-Jun-2018 20:00,145.0
26-Jun-2018 20:00,26-Jun-2018 21:00,0.0
26-Jun-2018 21:00,26-Jun-2018 22:00,0.0
26-Jun-2018 22:00,26-Jun-2018 23:00,4.0
26-Jun-2018 23:00,27-Jun-2018 00:00,33.0
27-Jun-2018 00:00,27-Jun-2018 01:00,0.0
27-Jun-2018 01:00,27-Jun-2018 02:00,0.0
27-Jun-2018 02:00,27-Jun-2018 03:00,0.0
27-Jun-2018 03:00,27-Jun-2018 04:00,0.0
27-Jun-2018 04:00,27-Jun-2018 05:00,0.0
27-Jun-2018 05:00,27-Jun-2018 06:00,0.0
27-Jun-2018 06:00,27-Jun-2018 07:00,171.0
27-Jun-2018 07:00,27-Jun-2018 08:00,531.0
27-Jun-2018 08:00,27-Jun-2018 09:00,321.59943856227
27-Jun-2018 09:00,27-Jun-2018 10:00,404.40056143773
27-Jun-2018 10:00,27-Jun-2018 11:00,947.0
27-Jun-2018 11:00,27-Jun-2018 12:00,0.0
27-Jun-2018 12:00,27-Jun-2018 13:00,0.0
27-Jun-2018 13:00,27-Jun-2018 14:00,1220.0
27-Jun-2018 14:00,27-Jun-2018 15:00,0.0
27-Jun-2018 15:00,27-Jun-2018 16:00,0.0
27-Jun-2018 16:00,27-Jun-2018 17:00,0.0
27-Jun-2018 17:00,27-Jun-2018 18:00,1037.0
27-Jun-2018 18:00,27-Jun-2018 19:00,343.0
27-Jun-2018 19:00,27-Jun-2018 20:00,433.474064776088
27-Jun-2018 20:00,27-Jun-2018 21:00,561.525935223912
27-Jun-2018 21:00,27-Jun-2018 22:00,1223.08037192633
27-Jun-2018 22:00,27-Jun-2018 23:00,89.9196280736688
27-Jun-2018 23:00,28-Jun-2018 00:00,0.0
28-Jun-2018 00:00,28-Jun-2018 01:00,25.0
28-Jun-2018 01:00,28-Jun-2018 02:00,0.0
28-Jun-2018 02:00,28-Jun-2018 03:00,0.0
28-Jun-2018 03:00,28-Jun-2018 04:00,0.0
28-Jun-2018 04:00,28-Jun-2018 05:00,0.0
28-Jun-2018 05:00,28-Jun-2018 06:00,0.0
28-Jun-2018 06:00,28-Jun-2018 07:00,0.0
28-Jun-2018 07:00,28-Jun-2018 08:00,0.0
28-Jun-2018 08:00,28-Jun-2018 09:00,0.0
28-Jun-2018 09:00,28-Jun-2018 10:00,158.0
28-Jun-2018 10:00,28-Jun-2018 11:00,1213.0
28-Jun-2018 11:00,28-Jun-2018 12:00,15.0
28-Jun-2018 12:00,28-Jun-2018 13:00,0.0
28-Jun-2018 13:00,28-Jun-2018 14:00,14.2109540363641
28-Jun-2018 14:00,28-Jun-2018 15:00,815.789045963636
28-Jun-2018 15:00,28-Jun-2018 16:00,922.0
28-Jun-2018 16:00,28-Jun-2018 17:00,169.0
28-Jun-2018 17:00,28-Jun-2018 18:00,0.0
28-Jun-2018 18:00,28-Jun-2018 19:00,12.0
28-Jun-2018 19:00,28-Jun-2018 20:00,0.0
28-Jun-2018 20:00,28-Jun-2018 21:00,17.0
28-Jun-2018 21:00,28-Jun-2018 22:00,0.0
28-Jun-2018 22:00,28-Jun-2018 23:00,0.0
28-Jun-2018 23:00,29-Jun-2018 00:00,0.0
29-Jun-2018 00:00,29-Jun-2018 01:00,0.0
29-Jun-2018 01:00,29-Jun-2018 02:00,0.0
29-Jun-2018 02:00,29-Jun-2018 03:00,0.0
29-Jun-2018 03:00,29-Jun-2018 04:00,0.0
29-Jun-2018 04:00,29-Jun-2018 05:00,0.0
29-Jun-2018 05:00,29-Jun-2018 06:00,0.0
29-Jun-2018 06:00,29-Jun-2018 07:00,0.0
29-Jun-2018 07:00,29-Jun-2018 08:00,185.0
29-Jun-2018 08:00,29-Jun-2018 09:00,972.896042906018
29-Jun-2018 09:00,29-Jun-2018 10:00,41.1039570939823
29-Jun-2018 10:00,29-Jun-2018 11:00,0.0
29-Jun-2018 11:00,29-Jun-2018 12:00,672.11466424567
29-Jun-2018 12:00,29-Jun-2018 13:00,1253.45077208231
29-Jun-2018 13:00,29-Jun-2018 14:00,476.434563672024
29-Jun-2018 14:00,29-Jun-2018 15:00,0.0
29-Jun-2018 15:00,29-Jun-2018 16:00,0.0
29-Jun-2018 16:00,29-Jun-2018 17:00,0.0
29-Jun-2018 17:00,29-Jun-2018 18:00,1535.66742991997
29-Jun-2018 18:00,29-Jun-2018 19:00,979.317000648812
29-Jun-2018 19:00,29-Jun-2018 20:00,29.0155694312134
29-Jun-2018 20:00,29-Jun-2018 21:00,402.0
29-Jun-2018 21:00,29-Jun-2018 22:00,1087.0
29-Jun-2018 22:00,29-Jun-2018 23:00,133.0
29-Jun-2018 23:00,30-Jun-2018 00:00,38.6393656290328
30-Jun-2018 00:00,30-Jun-2018 01:00,4.36063437096717
30-Jun-2018 01:00,30-Jun-2018 02:00,14.0
30-Jun-2018 02:00,30-Jun-2018 03:00,0.0
30-Jun-2018 03:00,30-Jun-2018 04:00,0.0
30-Jun-2018 04:00,30-Jun-2018 05:00,0.0
30-Jun-2018 05:00,30-Jun-2018 06:00,0.0
30-Jun-2018 06:00,30-Jun-2018 07:00,0.0
30-Jun-2018 07:00,30-Jun-2018 08:00,0.0
30-Jun-2018 08:00,30-Jun-2018 09:00,9.0
30-Jun-2018 09:00,30-Jun-2018 10:00,0.0
30-Jun-2018 10:00,30-Jun-2018 11:00,0.0
30-Jun-2018 11:00,30-Jun-2018 12:00,0.0
30-Jun-2018 12:00,30-Jun-2018 13:00,0.0
30-Jun-2018 13:00,30-Jun-2018 14:00,0.0
30-Jun-2018 14:00,30-Jun-2018 15:00,0.0
30-Jun-2018 15:00,30-Jun-2018 16:00,525.27907881781
30-Jun-2018 16:00,30-Jun-2018 17:00,1546.72092118219
30-Jun-2018 17:00,30-Jun-2018 18:00,98.0
30-Jun-2018 18:00,30-Jun-2018 19:00,51.0
30-Jun-2018 19:00,30-Jun-2018 20:00,62.0
30-Jun-2018 20:00,30-Jun-2018 21:00,0.0
30-Jun-2018 21:00,30-Jun-2018 22:00,0.0
30-Jun-2018 22:00,30-Jun-2018 23:00,0.0
30-Jun-2018 23:00,01-Jul-2018 00:00,0.0
01-Jul-2018 00:00,01-Jul-2018 01:00,0.0
01-Jul-2018 01:00,01-Jul-2018 02:00,0.0
01-Jul-2018 02:00,01-Jul-2018 03:00,0.0
01-Jul-2018 03:00,01-Jul-2018 04:00,0.0
01-Jul-2018 04:00,01-Jul-2018 05:00,0.0
01-Jul-2018 05:00,01-Jul-2018 06:00,0.0
01-Jul-2018 06:00,01-Jul-2018 07:00,0.0
01-Jul-2018 07:00,01-Jul-2018 08:00,0.0
01-Jul-2018 08:00,01-Jul-2018 09:00,0.0
01-Jul-2018 09:00,01-Jul-2018 10:00,0.0
01-Jul-2018 10:00,01-Jul-2018 11:00,0.0
01-Jul-2018 11:00,01-Jul-2018 12:00,28.0
01-Jul-2018 12:00,01-Jul-2018 13:00,144.0
01-Jul-2018 13:00,01-Jul-2018 14:00,985.788132613066
01-Jul-2018 14:00,01-Jul-2018 15:00,1948.82098477516
01-Jul-2018 15:00,01-Jul-2018 16:00,2500.06381335275
01-Jul-2018 16:00,01-Jul-2018 17:00,370.882768078674
01-Jul-2018 17:00,01-Jul-2018 18:00,108.444301180348
01-Jul-2018 18:00,01-Jul-2018 19:00,0.0
01-Jul-2018 19:00,01-Jul-2018 20:00,0.0
01-Jul-2018 20:00,01-Jul-2018 21:00,0.0
01-Jul-2018 21:00,01-Jul-2018 22:00,43.0
01-Jul-2018 22:00,01-Jul-2018 23:00,0.0
01-Jul-2018 23:00,02-Jul-2018 00:00,0.0
02-Jul-2018 00:00,02-Jul-2018 01:00,0.0
02-Jul-2018 01:00,02-Jul-2018 02:00,0.0
02-Jul-2018 02:00,02-Jul-2018 03:00,0.0
02-Jul-2018 03:00,02-Jul-2018 04:00,0.0
02-Jul-2018 04:00,02-Jul-2018 05:00,0.0
02-Jul-2018 05:00,02-Jul-2018 06:00,0.0
02-Jul-2018 06:00,02-Jul-2018 07:00,160.934757283576
02-Jul-2018 07:00,02-Jul-2018 08:00,59.065242716424
02-Jul-2018 08:00,02-Jul-2018 09:00,213.0
02-Jul-2018 09:00,02-Jul-2018 10:00,482.762224923071
02-Jul-2018 10:00,02-Jul-2018 11:00,480.237775076929
02-Jul-2018 11:00,02-Jul-2018 12:00,0.0
02-Jul-2018 12:00,02-Jul-2018 13:00,26.8956284998911
02-Jul-2018 13:00,02-Jul-2018 14:00,343.104371500109
02-Jul-2018 14:00,02-Jul-2018 15:00,0.0
02-Jul-2018 15:00,02-Jul-2018 16:00,0.0
02-Jul-2018 16:00,02-Jul-2018 17:00,0.0
02-Jul-2018 17:00,02-Jul-2018 18:00,0.0
02-Jul-2018 18:00,02-Jul-2018 19:00,917.0
02-Jul-2018 19:00,02-Jul-2018 20:00,191.0
02-Jul-2018 20:00,02-Jul-2018 21:00,26.0
02-Jul-2018 21:00,02-Jul-2018 22:00,0.0
02-Jul-2018 22:00,02-Jul-2018 23:00,0.0
02-Jul-2018 23:00,03-Jul-2018 00:00,59.0
03-Jul-2018 00:00,03-Jul-2018 01:00,0.0
03-Jul-2018 01:00,03-Jul-2018 02:00,0.0
03-Jul-2018 02:00,03-Jul-2018 03:00,0.0
03-Jul-2018 03:00,03-Jul-2018 04:00,0.0
03-Jul-2018 04:00,03-Jul-2018 05:00,0.0
03-Jul-2018 05:00,03-Jul-2018 06:00,0.0
03-Jul-2018 06:00,03-Jul-2018 07:00,0.0
03-Jul-2018 07:00,03-Jul-2018 08:00,0.0
03-Jul-2018 08:00,03-Jul-2018 09:00,0.0
03-Jul-2018 09:00,03-Jul-2018 10:00,132.0
03-Jul-2018 10:00,03-Jul-2018 11:00,1019.0
03-Jul-2018 11:00,03-Jul-2018 12:00,757.0
03-Jul-2018 12:00,03-Jul-2018 13:00,1131.57617671401
03-Jul-2018 13:00,03-Jul-2018 14:00,2196.42382328599
03-Jul-2018 14:00,03-Jul-2018 15:00,228.0
03-Jul-2018 15:00,03-Jul-2018 16:00,0.0
03-Jul-2018 16:00,03-Jul-2018 17:00,0.0
03-Jul-2018 17:00,03-Jul-2018 18:00,913.711958841406
03-Jul-2018 18:00,03-Jul-2018 19:00,727.288041158594
03-Jul-2018 19:00,03-Jul-2018 20:00,0.0
03-Jul-2018 20:00,03-Jul-2018 21:00,465.0
03-Jul-2018 21:00,03-Jul-2018 22:00,96.0
03-Jul-2018 22:00,03-Jul-2018 23:00,33.0
03-Jul-2018 23:00,04-Jul-2018 00:00,0.0
04-Jul-2018 00:00,04-Jul-2018 01:00,0.0
04-Jul-2018 01:00,04-Jul-2018 02:00,0.0
04-Jul-2018 02:00,04-Jul-2018 03:00,0.0
04-Jul-2018 03:00,04-Jul-2018 04:00,0.0
04-Jul-2018 04:00,04-Jul-2018 05:00,0.0
04-Jul-2018 05:00,04-Jul-2018 06:00,0.0
04-Jul-2018 06:00,04-Jul-2018 07:00,271.420733379071
04-Jul-2018 07:00,04-Jul-2018 08:00,874.579266620929
04-Jul-2018 08:00,04-Jul-2018 09:00,514.774691704887
04-Jul-2018 09:00,04-Jul-2018 10:00,267.225308295113
04-Jul-2018 10:00,04-Jul-2018 11:00,887.0
04-Jul-2018 11:00,04-Jul-2018 12:00,90.661710301274
04-Jul-2018 12:00,04-Jul-2018 13:00,2932.33828969873
04-Jul-2018 13:00,04-Jul-2018 14:00,919.0
04-Jul-2018 14:00,04-Jul-2018 15:00,0.0
04-Jul-2018 15:00,04-Jul-2018 16:00,995.0
04-Jul-2018 16:00,04-Jul-2018 17:00,0.0
04-Jul-2018 17:00,04-Jul-2018 18:00,9.0
04-Jul-2018 18:00,04-Jul-2018 19:00,1027.0
04-Jul-2018 19:00,04-Jul-2018 20:00,175.0
04-Jul-2018 20:00,04-Jul-2018 21:00,0.0
04-Jul-2018 21:00,04-Jul-2018 22:00,0.929284733549077
04-Jul-2018 22:00,04-Jul-2018 23:00,86.0707152664509
04-Jul-2018 23:00,05-Jul-2018 00:00,0.0
05-Jul-2018 00:00,05-Jul-2018 01:00,0.0
05-Jul-2018 01:00,05-Jul-2018 02:00,0.0
05-Jul-2018 02:00,05-Jul-2018 03:00,0.0
05-Jul-2018 03:00,05-Jul-2018 04:00,0.0
05-Jul-2018 04:00,05-Jul-2018 05:00,0.0
05-Jul-2018 05:00,05-Jul-2018 06:00,0.0
05-Jul-2018 06:00,05-Jul-2018 07:00,0.0
05-Jul-2018 07:00,05-Jul-2018 08:00,0.0
05-Jul-2018 08:00,05-Jul-2018 09:00,0.0
05-Jul-2018 09:00,05-Jul-2018 10:00,133.0
05-Jul-2018 10:00,05-Jul-2018 11:00,963.0
05-Jul-2018 11:00,05-Jul-2018 12:00,790.226144682645
05-Jul-2018 12:00,05-Jul-2018 13:00,1429.35882768213
05-Jul-2018 13:00,05-Jul-2018 14:00,865.510021811874
05-Jul-2018 14:00,05-Jul-2018 15:00,3164.90500582335
05-Jul-2018 15:00,05-Jul-2018 16:00,0.0
05-Jul-2018 16:00,05-Jul-2018 17:00,1111.0
05-Jul-2018 17:00,05-Jul-2018 18:00,0.0
05-Jul-2018 18:00,05-Jul-2018 19:00,1492.88438194228
05-Jul-2018 19:00,05-Jul-2018 20:00,354.541184780086
05-Jul-2018 20:00,05-Jul-2018 21:00,1189.57443327763
05-Jul-2018 21:00,05-Jul-2018 22:00,179.0
05-Jul-2018 22:00,05-Jul-2018 23:00,0.0
05-Jul-2018 23:00,06-Jul-2018 00:00,0.0
06-Jul-2018 00:00,06-Jul-2018 01:00,0.0
06-Jul-2018 01:00,06-Jul-2018 02:00,0.0
06-Jul-2018 02:00,06-Jul-2018 03:00,0.0
06-Jul-2018 03:00,06-Jul-2018 04:00,0.0
06-Jul-2018 04:00,06-Jul-2018 05:00,0.0
06-Jul-2018 05:00,06-Jul-2018 06:00,0.0
06-Jul-2018 06:00,06-Jul-2018 07:00,0.0
06-Jul-2018 07:00,06-Jul-2018 08:00,0.0
06-Jul-2018 08:00,06-Jul-2018 09:00,0.0
06-Jul-2018 09:00,06-Jul-2018 10:00,125.0
06-Jul-2018 10:00,06-Jul-2018 11:00,1039.0
06-Jul-2018 11:00,06-Jul-2018 12:00,0.0
06-Jul-2018 12:00,06-Jul-2018 13:00,15.0
06-Jul-2018 13:00,06-Jul-2018 14:00,42.0805258800567
06-Jul-2018 14:00,06-Jul-2018 15:00,1992.09841064315
06-Jul-2018 15:00,06-Jul-2018 16:00,1939.88654533272
06-Jul-2018 16:00,06-Jul-2018 17:00,1714.93451814407
06-Jul-2018 17:00,06-Jul-2018 18:00,113.0
06-Jul-2018 18:00,06-Jul-2018 19:00,0.0
06-Jul-2018 19:00,06-Jul-2018 20:00,10.0
06-Jul-2018 20:00,06-Jul-2018 21:00,14.0
06-Jul-2018 21:00,06-Jul-2018 22:00,0.0
06-Jul-2018 22:00,06-Jul-2018 23:00,0.0
06-Jul-2018 23:00,07-Jul-2018 00:00,0.0
07-Jul-2018 00:00,07-Jul-2018 01:00,0.0
07-Jul-2018 01:00,07-Jul-2018 02:00,0.0
07-Jul-2018 02:00,07-Jul-2018 03:00,0.0
07-Jul-2018 03:00,07-Jul-2018 04:00,0.0
07-Jul-2018 04:00,07-Jul-2018 05:00,0.0
07-Jul-2018 05:00,07-Jul-2018 06:00,0.0
07-Jul-2018 06:00,07-Jul-2018 07:00,0.0
07-Jul-2018 07:00,07-Jul-2018 08:00,0.0
07-Jul-2018 08:00,07-Jul-2018 09:00,0.0
07-Jul-2018 09:00,07-Jul-2018 10:00,324.31650321125
07-Jul-2018 10:00,07-Jul-2018 11:00,100.68349678875
07-Jul-2018 11:00,07-Jul-2018 12:00,399.0
07-Jul-2018 12:00,07-Jul-2018 13:00,779.0
07-Jul-2018 13:00,07-Jul-2018 14:00,321.0
07-Jul-2018 14:00,07-Jul-2018 15:00,174.0
07-Jul-2018 15:00,07-Jul-2018 16:00,30.0
07-Jul-2018 16:00,07-Jul-2018 17:00,1.0
07-Jul-2018 17:00,07-Jul-2018 18:00,17.0
07-Jul-2018 18:00,07-Jul-2018 19:00,0.0
07-Jul-2018 19:00,07-Jul-2018 20:00,92.0
07-Jul-2018 20:00,07-Jul-2018 21:00,339.0
07-Jul-2018 21:00,07-Jul-2018 22:00,126.0
07-Jul-2018 22:00,07-Jul-2018 23:00,0.0
07-Jul-2018 23:00,08-Jul-2018 00:00,865.0
08-Jul-2018 00:00,08-Jul-2018 01:00,43.0
08-Jul-2018 01:00,08-Jul-2018 02:00,0.0
08-Jul-2018 02:00,08-Jul-2018 03:00,0.0
08-Jul-2018 03:00,08-Jul-2018 04:00,0.0
08-Jul-2018 04:00,08-Jul-2018 05:00,0.0
08-Jul-2018 05:00,08-Jul-2018 06:00,0.0
08-Jul-2018 06:00,08-Jul-2018 07:00,0.0
08-Jul-2018 07:00,08-Jul-2018 08:00,0.0
08-Jul-2018 08:00,08-Jul-2018 09:00,0.0
08-Jul-2018 09:00,08-Jul-2018 10:00,0.0
08-Jul-2018 10:00,08-Jul-2018 11:00,0.0
08-Jul-2018 11:00,08-Jul-2018 12:00,167.0
08-Jul-2018 12:00,08-Jul-2018 13:00,47.0
08-Jul-2018 13:00,08-Jul-2018 14:00,1852.53774343204
08-Jul-2018 14:00,08-Jul-2018 15:00,1748.12031984055
08-Jul-2018 15:00,08-Jul-2018 16:00,89.3419367274095
08-Jul-2018 16:00,08-Jul-2018 17:00,0.0
08-Jul-2018 17:00,08-Jul-2018 18:00,159.528330633032
08-Jul-2018 18:00,08-Jul-2018 19:00,1020.64580857254
08-Jul-2018 19:00,08-Jul-2018 20:00,862.825860794423
08-Jul-2018 20:00,08-Jul-2018 21:00,0.0
08-Jul-2018 21:00,08-Jul-2018 22:00,431.0
08-Jul-2018 22:00,08-Jul-2018 23:00,0.0
08-Jul-2018 23:00,09-Jul-2018 00:00,0.0
09-Jul-2018 00:00,09-Jul-2018 01:00,0.0
09-Jul-2018 01:00,09-Jul-2018 02:00,0.0
09-Jul-2018 02:00,09-Jul-2018 03:00,0.0
09-Jul-2018 03:00,09-Jul-2018 04:00,0.0
09-Jul-2018 04:00,09-Jul-2018 05:00,0.0
09-Jul-2018 05:00,09-Jul-2018 06:00,0.0
09-Jul-2018 06:00,09-Jul-2018 07:00,0.0
09-Jul-2018 07:00,09-Jul-2018 08:00,0.0
09-Jul-2018 08:00,09-Jul-2018 09:00,0.0
09-Jul-2018 09:00,09-Jul-2018 10:00,0.0
09-Jul-2018 10:00,09-Jul-2018 11:00,0.0
09-Jul-2018 11:00,09-Jul-2018 12:00,0.0
09-Jul-2018 12:00,09-Jul-2018 13:00,1081.9954047417
09-Jul-2018 13:00,09-Jul-2018 14:00,1740.24556095833
09-Jul-2018 14:00,09-Jul-2018 15:00,298.759034299973
09-Jul-2018 15:00,09-Jul-2018 16:00,0.0
09-Jul-2018 16:00,09-Jul-2018 17:00,177.090248133108
09-Jul-2018 17:00,09-Jul-2018 18:00,60.9097518668919
09-Jul-2018 18:00,09-Jul-2018 19:00,0.0
09-Jul-2018 19:00,09-Jul-2018 20:00,0.0
09-Jul-2018 20:00,09-Jul-2018 21:00,0.0
09-Jul-2018 21:00,09-Jul-2018 22:00,0.0
09-Jul-2018 22:00,09-Jul-2018 23:00,0.0
09-Jul-2018 23:00,10-Jul-2018 00:00,943.510473319753
10-Jul-2018 00:00,10-Jul-2018 01:00,55.4895266802471
10-Jul-2018 01:00,10-Jul-2018 02:00,64.8106417446603
10-Jul-2018 02:00,10-Jul-2018 03:00,3387.00705701449
10-Jul-2018 03:00,10-Jul-2018 04:00,3148.18230124084
10-Jul-2018 04:00,10-Jul-2018 05:00,0.0
10-Jul-2018 05:00,10-Jul-2018 06:00,0.0
10-Jul-2018 06:00,10-Jul-2018 07:00,0.0
10-Jul-2018 07:00,10-Jul-2018 08:00,0.0
10-Jul-2018 08:00,10-Jul-2018 09:00,0.0
10-Jul-2018 09:00,10-Jul-2018 10:00,0.0
10-Jul-2018 10:00,10-Jul-2018 11:00,69.6045053847369
10-Jul-2018 11:00,10-Jul-2018 12:00,2211.85902944813
10-Jul-2018 12:00,10-Jul-2018 13:00,73.5364651671318
10-Jul-2018 13:00,10-Jul-2018 14:00,396.0
10-Jul-2018 14:00,10-Jul-2018 15:00,0.0
10-Jul-2018 15:00,10-Jul-2018 16:00,0.0
10-Jul-2018 16:00,10-Jul-2018 17:00,0.0
10-Jul-2018 17:00,10-Jul-2018 18:00,0.0
10-Jul-2018 18:00,10-Jul-2018 19:00,0.0
10-Jul-2018 19:00,10-Jul-2018 20:00,0.0
10-Jul-2018 20:00,10-Jul-2018 21:00,0.0
10-Jul-2018 21:00,10-Jul-2018 22:00,0.0
10-Jul-2018 22:00,10-Jul-2018 23:00,0.0
10-Jul-2018 23:00,11-Jul-2018 00:00,45.5309180641708
11-Jul-2018 00:00,11-Jul-2018 01:00,386.832842973897
11-Jul-2018 01:00,11-Jul-2018 02:00,21.6362389619323
11-Jul-2018 02:00,11-Jul-2018 03:00,101.0
11-Jul-2018 03:00,11-Jul-2018 04:00,19.9602347546222
11-Jul-2018 04:00,11-Jul-2018 05:00,285.039765245378
11-Jul-2018 05:00,11-Jul-2018 06:00,1336.0
11-Jul-2018 06:00,11-Jul-2018 07:00,68.5408411155082
11-Jul-2018 07:00,11-Jul-2018 08:00,2445.45915888449
11-Jul-2018 08:00,11-Jul-2018 09:00,1091.0
11-Jul-2018 09:00,11-Jul-2018 10:00,0.0
11-Jul-2018 10:00,11-Jul-2018 11:00,0.0
11-Jul-2018 11:00,11-Jul-2018 12:00,821.560245566284
11-Jul-2018 12:00,11-Jul-2018 13:00,601.439754433716
11-Jul-2018 13:00,11-Jul-2018 14:00,432.265756647653
11-Jul-2018 14:00,11-Jul-2018 15:00,1449.73424335235
11-Jul-2018 15:00,11-Jul-2018 16:00,0.0
11-Jul-2018 16:00,11-Jul-2018 17:00,0.0
11-Jul-2018 17:00,11-Jul-2018 18:00,0.0
11-Jul-2018 18:00,11-Jul-2018 19:00,0.0
11-Jul-2018 19:00,11-Jul-2018 20:00,0.0
11-Jul-2018 20:00,11-Jul-2018 21:00,0.0
11-Jul-2018 21:00,11-Jul-2018 22:00,0.0
11-Jul-2018 22:00,11-Jul-2018 23:00,83.0122163172524
11-Jul-2018 23:00,12-Jul-2018 00:00,641.897715185761
12-Jul-2018 00:00,12-Jul-2018 01:00,695.044663503262
12-Jul-2018 01:00,12-Jul-2018 02:00,700.111224519755
12-Jul-2018 02:00,12-Jul-2018 03:00,1978.13980213104
12-Jul-2018 03:00,12-Jul-2018 04:00,742.794378342931
12-Jul-2018 04:00,12-Jul-2018 05:00,6.24512928304897
12-Jul-2018 05:00,12-Jul-2018 06:00,207.600816464275
12-Jul-2018 06:00,12-Jul-2018 07:00,3020.15405425268
12-Jul-2018 07:00,12-Jul-2018 08:00,298.0
12-Jul-2018 08:00,12-Jul-2018 09:00,0.0
12-Jul-2018 09:00,12-Jul-2018 10:00,58.0083425553979
12-Jul-2018 10:00,12-Jul-2018 11:00,402.991657444602
12-Jul-2018 11:00,12-Jul-2018 12:00,0.0
12-Jul-2018 12:00,12-Jul-2018 13:00,371.0
12-Jul-2018 13:00,12-Jul-2018 14:00,393.429358453384
12-Jul-2018 14:00,12-Jul-2018 15:00,21.5706415466163
12-Jul-2018 15:00,12-Jul-2018 16:00,0.0
12-Jul-2018 16:00,12-Jul-2018 17:00,0.0
12-Jul-2018 17:00,12-Jul-2018 18:00,0.0
12-Jul-2018 18:00,12-Jul-2018 19:00,0.0
12-Jul-2018 19:00,12-Jul-2018 20:00,0.0
12-Jul-2018 20:00,12-Jul-2018 21:00,0.0
12-Jul-2018 21:00,12-Jul-2018 22:00,0.0
12-Jul-2018 22:00,12-Jul-2018 23:00,43.0
12-Jul-2018 23:00,13-Jul-2018 00:00,147.0
13-Jul-2018 00:00,13-Jul-2018 01:00,2.0
13-Jul-2018 01:00,13-Jul-2018 02:00,953.0
13-Jul-2018 02:00,13-Jul-2018 03:00,0.0
13-Jul-2018 03:00,13-Jul-2018 04:00,480.921052318346
13-Jul-2018 04:00,13-Jul-2018 05:00,583.078947681654
13-Jul-2018 05:00,13-Jul-2018 06:00,45.9989734346066
13-Jul-2018 06:00,13-Jul-2018 07:00,293.732376210669
13-Jul-2018 07:00,13-Jul-2018 08:00,465.247386201274
13-Jul-2018 08:00,13-Jul-2018 09:00,468.02126415345
13-Jul-2018 09:00,13-Jul-2018 10:00,1.90154164025906
13-Jul-2018 10:00,13-Jul-2018 11:00,57.0984583597409
13-Jul-2018 11:00,13-Jul-2018 12:00,2918.0
13-Jul-2018 12:00,13-Jul-2018 13:00,0.0
13-Jul-2018 13:00,13-Jul-2018 14:00,836.639989599907
13-Jul-2018 14:00,13-Jul-2018 15:00,39.3600104000929
13-Jul-2018 15:00,13-Jul-2018 16:00,0.0
13-Jul-2018 16:00,13-Jul-2018 17:00,0.0
13-Jul-2018 17:00,13-Jul-2018 18:00,0.0
13-Jul-2018 18:00,13-Jul-2018 19:00,0.0
13-Jul-2018 19:00,13-Jul-2018 20:00,0.0
13-Jul-2018 20:00,13-Jul-2018 21:00,0.0
13-Jul-2018 21:00,13-Jul-2018 22:00,0.0
13-Jul-2018 22:00,13-Jul-2018 23:00,0.0
13-Jul-2018 23:00,14-Jul-2018 00:00,0.0
14-Jul-2018 00:00,14-Jul-2018 01:00,37.0
14-Jul-2018 01:00,14-Jul-2018 02:00,35.0
14-Jul-2018 02:00,14-Jul-2018 03:00,233.0
14-Jul-2018 03:00,14-Jul-2018 04:00,524.494787607893
14-Jul-2018 04:00,14-Jul-2018 05:00,1566.66030439787
14-Jul-2018 05:00,14-Jul-2018 06:00,467.070933851285
14-Jul-2018 06:00,14-Jul-2018 07:00,1690.71593168873
14-Jul-2018 07:00,14-Jul-2018 08:00,3485.239205969
14-Jul-2018 08:00,14-Jul-2018 09:00,415.818836485224
14-Jul-2018 09:00,14-Jul-2018 10:00,43.2735133278878
14-Jul-2018 10:00,14-Jul-2018 11:00,674.864874576382
14-Jul-2018 11:00,14-Jul-2018 12:00,1359.69674758832
14-Jul-2018 12:00,14-Jul-2018 13:00,16.1648645074122
14-Jul-2018 13:00,14-Jul-2018 14:00,246.0
14-Jul-2018 14:00,14-Jul-2018 15:00,0.0
14-Jul-2018 15:00,14-Jul-2018 16:00,0.0
14-Jul-2018 16:00,14-Jul-2018 17:00,0.0
14-Jul-2018 17:00,14-Jul-2018 18:00,0.0
14-Jul-2018 18:00,14-Jul-2018 19:00,0.0
14-Jul-2018 19:00,14-Jul-2018 20:00,0.0
14-Jul-2018 20:00,14-Jul-2018 21:00,0.0
14-Jul-2018 21:00,14-Jul-2018 22:00,0.0
14-Jul-2018 22:00,14-Jul-2018 23:00,0.0
14-Jul-2018 23:00,15-Jul-2018 00:00,95.0
15-Jul-2018 00:00,15-Jul-2018 01:00,1733.12409468658
15-Jul-2018 01:00,15-Jul-2018 02:00,1832.08555922252
15-Jul-2018 02:00,15-Jul-2018 03:00,131.974862437684
15-Jul-2018 03:00,15-Jul-2018 04:00,112.815483653214
15-Jul-2018 04:00,15-Jul-2018 05:00,233.0
15-Jul-2018 05:00,15-Jul-2018 06:00,311.472648203324
15-Jul-2018 06:00,15-Jul-2018 07:00,1153.52735179668
15-Jul-2018 07:00,15-Jul-2018 08:00,143.879574481421
15-Jul-2018 08:00,15-Jul-2018 09:00,64.1204255185787
15-Jul-2018 09:00,15-Jul-2018 10:00,0.0
15-Jul-2018 10:00,15-Jul-2018 11:00,11.0
15-Jul-2018 11:00,15-Jul-2018 12:00,127.0
15-Jul-2018 12:00,15-Jul-2018 13:00,0.0
15-Jul-2018 13:00,15-Jul-2018 14:00,149.108132428433
15-Jul-2018 14:00,15-Jul-2018 15:00,87.8918675715671
15-Jul-2018 15:00,15-Jul-2018 16:00,0.0
15-Jul-2018 16:00,15-Jul-2018 17:00,0.0
15-Jul-2018 17:00,15-Jul-2018 18:00,0.0
15-Jul-2018 18:00,15-Jul-2018 19:00,0.0
15-Jul-2018 19:00,15-Jul-2018 20:00,0.0
15-Jul-2018 20:00,15-Jul-2018 21:00,0.0
15-Jul-2018 21:00,15-Jul-2018 22:00,0.0
15-Jul-2018 22:00,15-Jul-2018 23:00,86.0
15-Jul-2018 23:00,16-Jul-2018 00:00,417.496087118518
16-Jul-2018 00:00,16-Jul-2018 01:00,1370.50391288148
16-Jul-2018 01:00,16-Jul-2018 02:00,666.487763207102
16-Jul-2018 02:00,16-Jul-2018 03:00,1006.18996809522
16-Jul-2018 03:00,16-Jul-2018 04:00,614.331461557849
16-Jul-2018 04:00,16-Jul-2018 05:00,225.273661941352
16-Jul-2018 05:00,16-Jul-2018 06:00,112.717145198478
16-Jul-2018 06:00,16-Jul-2018 07:00,35.0
16-Jul-2018 07:00,16-Jul-2018 08:00,16.0
16-Jul-2018 08:00,16-Jul-2018 09:00,210.0
16-Jul-2018 09:00,16-Jul-2018 10:00,22.0
16-Jul-2018 10:00,16-Jul-2018 11:00,298.0
16-Jul-2018 11:00,16-Jul-2018 12:00,185.0
16-Jul-2018 12:00,16-Jul-2018 13:00,430.270522309618
16-Jul-2018 13:00,16-Jul-2018 14:00,259.729477690382
16-Jul-2018 14:00,16-Jul-2018 15:00,0.0
16-Jul-2018 15:00,16-Jul-2018 16:00,0.0
16-Jul-2018 16:00,16-Jul-2018 17:00,0.0
16-Jul-2018 17:00,16-Jul-2018 18:00,0.0
16-Jul-2018 18:00,16-Jul-2018 19:00,0.0
16-Jul-2018 19:00,16-Jul-2018 20:00,0.0
16-Jul-2018 20:00,16-Jul-2018 21:00,0.0
16-Jul-2018 21:00,16-Jul-2018 22:00,0.0
16-Jul-2018 22:00,16-Jul-2018 23:00,0.0
16-Jul-2018 23:00,17-Jul-2018 00:00,0.0
17-Jul-2018 00:00,17-Jul-2018 01:00,431.0
17-Jul-2018 01:00,17-Jul-2018 02:00,21.7596397116303
17-Jul-2018 02:00,17-Jul-2018 03:00,179.24036028837
17-Jul-2018 03:00,17-Jul-2018 04:00,221.647354340919
17-Jul-2018 04:00,17-Jul-2018 05:00,558.506298449679
17-Jul-2018 05:00,17-Jul-2018 06:00,1538.8463472094
17-Jul-2018 06:00,17-Jul-2018 07:00,1370.9313661792
17-Jul-2018 07:00,17-Jul-2018 08:00,48.0686338207983
17-Jul-2018 08:00,17-Jul-2018 09:00,0.0
17-Jul-2018 09:00,17-Jul-2018 10:00,408.0
17-Jul-2018 10:00,17-Jul-2018 11:00,0.0
17-Jul-2018 11:00,17-Jul-2018 12:00,227.0
17-Jul-2018 12:00,17-Jul-2018 13:00,126.171989630441
17-Jul-2018 13:00,17-Jul-2018 14:00,159.828010369559
17-Jul-2018 14:00,17-Jul-2018 15:00,0.0
17-Jul-2018 15:00,17-Jul-2018 16:00,0.0
17-Jul-2018 16:00,17-Jul-2018 17:00,0.0
17-Jul-2018 17:00,17-Jul-2018 18:00,0.0
17-Jul-2018 18:00,17-Jul-2018 19:00,0.0
17-Jul-2018 19:00,17-Jul-2018 20:00,0.0
17-Jul-2018 20:00,17-Jul-2018 21:00,0.0
17-Jul-2018 21:00,17-Jul-2018 22:00,0.0
17-Jul-2018 22:00,17-Jul-2018 23:00,0.0
17-Jul-2018 23:00,18-Jul-2018 00:00,0.0
18-Jul-2018 00:00,18-Jul-2018 01:00,3484.50441247367
18-Jul-2018 01:00,18-Jul-2018 02:00,1297.99090118718
18-Jul-2018 02:00,18-Jul-2018 03:00,509.050904249935
18-Jul-2018 03:00,18-Jul-2018 04:00,127.453782089216
18-Jul-2018 04:00,18-Jul-2018 05:00,411.0
18-Jul-2018 05:00,18-Jul-2018 06:00,284.254627000506
18-Jul-2018 06:00,18-Jul-2018 07:00,787.745372999494
18-Jul-2018 07:00,18-Jul-2018 08:00,480.509003299552
18-Jul-2018 08:00,18-Jul-2018 09:00,384.490996700448
18-Jul-2018 09:00,18-Jul-2018 10:00,52.0
18-Jul-2018 10:00,18-Jul-2018 11:00,260.0
18-Jul-2018 11:00,18-Jul-2018 12:00,0.0
18-Jul-2018 12:00,18-Jul-2018 13:00,589.601997723527
18-Jul-2018 13:00,18-Jul-2018 14:00,470.398002276473
18-Jul-2018 14:00,18-Jul-2018 15:00,118.0
18-Jul-2018 15:00,18-Jul-2018 16:00,0.0
18-Jul-2018 16:00,18-Jul-2018 17:00,0.0
18-Jul-2018 17:00,18-Jul-2018 18:00,0.0
18-Jul-2018 18:00,18-Jul-2018 19:00,0.0
18-Jul-2018 19:00,18-Jul-2018 20:00,0.0
18-Jul-2018 20:00,18-Jul-2018 21:00,41.0
18-Jul-2018 21:00,18-Jul-2018 22:00,98.0
18-Jul-2018 22:00,18-Jul-2018 23:00,2027.71264716417
18-Jul-2018 23:00,19-Jul-2018 00:00,741.287352835826
19-Jul-2018 00:00,19-Jul-2018 01:00,193.0
19-Jul-2018 01:00,19-Jul-2018 02:00,3609.7141718251
19-Jul-2018 02:00,19-Jul-2018 03:00,1033.2858281749
19-Jul-2018 03:00,19-Jul-2018 04:00,1161.0
19-Jul-2018 04:00,19-Jul-2018 05:00,10.0
19-Jul-2018 05:00,19-Jul-2018 06:00,723.0
19-Jul-2018 06:00,19-Jul-2018 07:00,16.0
19-Jul-2018 07:00,19-Jul-2018 08:00,127.91415521694
19-Jul-2018 08:00,19-Jul-2018 09:00,65.0858447830603
19-Jul-2018 09:00,19-Jul-2018 10:00,20.0
19-Jul-2018 10:00,19-Jul-2018 11:00,19.0228878779891
19-Jul-2018 11:00,19-Jul-2018 12:00,36.9771121220109
19-Jul-2018 12:00,19-Jul-2018 13:00,6.0
19-Jul-2018 13:00,19-Jul-2018 14:00,85.0
19-Jul-2018 14:00,19-Jul-2018 15:00,0.0
19-Jul-2018 15:00,19-Jul-2018 16:00,0.0
19-Jul-2018 16:00,19-Jul-2018 17:00,0.0
19-Jul-2018 17:00,19-Jul-2018 18:00,0.0
19-Jul-2018 18:00,19-Jul-2018 19:00,0.0
19-Jul-2018 19:00,19-Jul-2018 20:00,0.0
19-Jul-2018 20:00,19-Jul-2018 21:00,0.0
19-Jul-2018 21:00,19-Jul-2018 22:00,0.0
19-Jul-2018 22:00,19-Jul-2018 23:00,0.0
19-Jul-2018 23:00,20-Jul-2018 00:00,135.315412356916
20-Jul-2018 00:00,20-Jul-2018 01:00,884.684587643084
20-Jul-2018 01:00,20-Jul-2018 02:00,20.0
20-Jul-2018 02:00,20-Jul-2018 03:00,119.273983257568
20-Jul-2018 03:00,20-Jul-2018 04:00,400.726016742432
20-Jul-2018 04:00,20-Jul-2018 05:00,69.0
20-Jul-2018 05:00,20-Jul-2018 06:00,247.231844540291
20-Jul-2018 06:00,20-Jul-2018 07:00,214.523542780816
20-Jul-2018 07:00,20-Jul-2018 08:00,1673.2306844053
20-Jul-2018 08:00,20-Jul-2018 09:00,1654.13761427815
20-Jul-2018 09:00,20-Jul-2018 10:00,430.098029862186
20-Jul-2018 10:00,20-Jul-2018 11:00,447.562546328239
20-Jul-2018 11:00,20-Jul-2018 12:00,21.2157378050232
20-Jul-2018 12:00,20-Jul-2018 13:00,63.0
20-Jul-2018 13:00,20-Jul-2018 14:00,155.0
20-Jul-2018 14:00,20-Jul-2018 15:00,0.0
20-Jul-2018 15:00,20-Jul-2018 16:00,0.0
20-Jul-2018 16:00,20-Jul-2018 17:00,0.0
20-Jul-2018 17:00,20-Jul-2018 18:00,0.0
20-Jul-2018 18:00,20-Jul-2018 19:00,0.0
20-Jul-2018 19:00,20-Jul-2018 20:00,0.0
20-Jul-2018 20:00,20-Jul-2018 21:00,0.0
20-Jul-2018 21:00,20-Jul-2018 22:00,0.0
20-Jul-2018 22:00,20-Jul-2018 23:00,0.0
20-Jul-2018 23:00,21-Jul-2018 00:00,203.0
21-Jul-2018 00:00,21-Jul-2018 01:00,73.0
21-Jul-2018 01:00,21-Jul-2018 02:00,0.0
21-Jul-2018 02:00,21-Jul-2018 03:00,429.0
21-Jul-2018 03:00,21-Jul-2018 04:00,0.0
21-Jul-2018 04:00,21-Jul-2018 05:00,93.3643415063814
21-Jul-2018 05:00,21-Jul-2018 06:00,125.160213510288
21-Jul-2018 06:00,21-Jul-2018 07:00,178.475444983331
21-Jul-2018 07:00,21-Jul-2018 08:00,149.581278486586
21-Jul-2018 08:00,21-Jul-2018 09:00,59.4187215134139
21-Jul-2018 09:00,21-Jul-2018 10:00,28.4123712591411
21-Jul-2018 10:00,21-Jul-2018 11:00,59.5876287408589
21-Jul-2018 11:00,21-Jul-2018 12:00,700.781379713228
21-Jul-2018 12:00,21-Jul-2018 13:00,813.583894086162
21-Jul-2018 13:00,21-Jul-2018 14:00,551.63472620061
21-Jul-2018 14:00,21-Jul-2018 15:00,0.0
21-Jul-2018 15:00,21-Jul-2018 16:00,0.0
21-Jul-2018 16:00,21-Jul-2018 17:00,0.0
21-Jul-2018 17:00,21-Jul-2018 18:00,0.0
21-Jul-2018 18:00,21-Jul-2018 19:00,0.0
21-Jul-2018 19:00,21-Jul-2018 20:00,0.0
21-Jul-2018 20:00,21-Jul-2018 21:00,0.0
21-Jul-2018 21:00,21-Jul-2018 22:00,0.0
21-Jul-2018 22:00,21-Jul-2018 23:00,4.62169187888991
21-Jul-2018 23:00,22-Jul-2018 00:00,378.418127346911
22-Jul-2018 00:00,22-Jul-2018 01:00,82.9601807741993
22-Jul-2018 01:00,22-Jul-2018 02:00,610.437959892403
22-Jul-2018 02:00,22-Jul-2018 03:00,82.562040107597
22-Jul-2018 03:00,22-Jul-2018 04:00,89.5132652485436
22-Jul-2018 04:00,22-Jul-2018 05:00,161.486734751456
22-Jul-2018 05:00,22-Jul-2018 06:00,240.127154278178
22-Jul-2018 06:00,22-Jul-2018 07:00,1740.83868102168
22-Jul-2018 07:00,22-Jul-2018 08:00,2128.00187557555
22-Jul-2018 08:00,22-Jul-2018 09:00,376.57227566927
22-Jul-2018 09:00,22-Jul-2018 10:00,2347.46001345532
22-Jul-2018 10:00,22-Jul-2018 11:00,82.7952582084854
22-Jul-2018 11:00,22-Jul-2018 12:00,1125.20474179151
22-Jul-2018 12:00,22-Jul-2018 13:00,26.920972296612
22-Jul-2018 13:00,22-Jul-2018 14:00,1309.07902770339
22-Jul-2018 14:00,22-Jul-2018 15:00,0.0
22-Jul-2018 15:00,22-Jul-2018 16:00,0.0
22-Jul-2018 16:00,22-Jul-2018 17:00,0.0
22-Jul-2018 17:00,22-Jul-2018 18:00,0.0
22-Jul-2018 18:00,22-Jul-2018 19:00,0.0
22-Jul-2018 19:00,22-Jul-2018 20:00,0.0
22-Jul-2018 20:00,22-Jul-2018 21:00,0.0
22-Jul-2018 21:00,22-Jul-2018 22:00,0.0
22-Jul-2018 22:00,22-Jul-2018 23:00,0.0
22-Jul-2018 23:00,23-Jul-2018 00:00,0.0
23-Jul-2018 00:00,23-Jul-2018 01:00,0.0
23-Jul-2018 01:00,23-Jul-2018 02:00,59.8157374018425
23-Jul-2018 02:00,23-Jul-2018 03:00,1198.38785217857
23-Jul-2018 03:00,23-Jul-2018 04:00,632.79641041959
23-Jul-2018 04:00,23-Jul-2018 05:00,516.0
23-Jul-2018 05:00,23-Jul-2018 06:00,1746.0
23-Jul-2018 06:00,23-Jul-2018 07:00,292.864578131341
23-Jul-2018 07:00,23-Jul-2018 08:00,1829.21443861921
23-Jul-2018 08:00,23-Jul-2018 09:00,606.920983249448
23-Jul-2018 09:00,23-Jul-2018 10:00,0.0
23-Jul-2018 10:00,23-Jul-2018 11:00,109.014336539829
23-Jul-2018 11:00,23-Jul-2018 12:00,1075.98566346017
23-Jul-2018 12:00,23-Jul-2018 13:00,0.0
23-Jul-2018 13:00,23-Jul-2018 14:00,291.447846218599
23-Jul-2018 14:00,23-Jul-2018 15:00,1161.5521537814
23-Jul-2018 15:00,23-Jul-2018 16:00,0.0
23-Jul-2018 16:00,23-Jul-2018 17:00,0.0
23-Jul-2018 17:00,23-Jul-2018 18:00,0.0
23-Jul-2018 18:00,23-Jul-2018 19:00,0.0
23-Jul-2018 19:00,23-Jul-2018 20:00,0.0
23-Jul-2018 20:00,23-Jul-2018 21:00,0.0
23-Jul-2018 21:00,23-Jul-2018 22:00,0.0
23-Jul-2018 22:00,23-Jul-2018 23:00,0.0
23-Jul-2018 23:00,24-Jul-2018 00:00,7.67405616022602
24-Jul-2018 00:00,24-Jul-2018 01:00,1073.12504628341
24-Jul-2018 01:00,24-Jul-2018 02:00,316.794129660647
24-Jul-2018 02:00,24-Jul-2018 03:00,710.843461887371
24-Jul-2018 03:00,24-Jul-2018 04:00,856.792054425039
24-Jul-2018 04:00,24-Jul-2018 05:00,185.771251583308
24-Jul-2018 05:00,24-Jul-2018 06:00,138.910298245722
24-Jul-2018 06:00,24-Jul-2018 07:00,12.0897017542779
24-Jul-2018 07:00,24-Jul-2018 08:00,179.053169089064
24-Jul-2018 08:00,24-Jul-2018 09:00,1974.76429356424
24-Jul-2018 09:00,24-Jul-2018 10:00,206.182537346696
24-Jul-2018 10:00,24-Jul-2018 11:00,132.270939825567
24-Jul-2018 11:00,24-Jul-2018 12:00,1067.72906017443
24-Jul-2018 12:00,24-Jul-2018 13:00,0.0
24-Jul-2018 13:00,24-Jul-2018 14:00,888.0
24-Jul-2018 14:00,24-Jul-2018 15:00,0.0
24-Jul-2018 15:00,24-Jul-2018 16:00,0.0
24-Jul-2018 16:00,24-Jul-2018 17:00,0.0
24-Jul-2018 17:00,24-Jul-2018 18:00,0.0
24-Jul-2018 18:00,24-Jul-2018 19:00,0.0
24-Jul-2018 19:00,24-Jul-2018 20:00,62.5299058487506
24-Jul-2018 20:00,24-Jul-2018 21:00,1337.6288804015
24-Jul-2018 21:00,24-Jul-2018 22:00,428.126992861147
24-Jul-2018 22:00,24-Jul-2018 23:00,472.714220888605
24-Jul-2018 23:00,25-Jul-2018 00:00,33.0
25-Jul-2018 00:00,25-Jul-2018 01:00,0.0
25-Jul-2018 01:00,25-Jul-2018 02:00,0.0
25-Jul-2018 02:00,25-Jul-2018 03:00,184.116373427434
25-Jul-2018 03:00,25-Jul-2018 04:00,1644.22150653112
25-Jul-2018 04:00,25-Jul-2018 05:00,1194.66212004145
25-Jul-2018 05:00,25-Jul-2018 06:00,80.0
25-Jul-2018 06:00,25-Jul-2018 07:00,18.0
25-Jul-2018 07:00,25-Jul-2018 08:00,189.840615685486
25-Jul-2018 08:00,25-Jul-2018 09:00,870.159384314514
25-Jul-2018 09:00,25-Jul-2018 10:00,262.0
25-Jul-2018 10:00,25-Jul-2018 11:00,3157.33433326005
25-Jul-2018 11:00,25-Jul-2018 12:00,336.665666739952
25-Jul-2018 12:00,25-Jul-2018 13:00,0.0
25-Jul-2018 13:00,25-Jul-2018 14:00,0.0
25-Jul-2018 14:00,25-Jul-2018 15:00,22.0
25-Jul-2018 15:00,25-Jul-2018 16:00,0.0
25-Jul-2018 16:00,25-Jul-2018 17:00,0.0
25-Jul-2018 17:00,25-Jul-2018 18:00,0.0
25-Jul-2018 18:00,25-Jul-2018 19:00,0.0
25-Jul-2018 19:00,25-Jul-2018 20:00,0.0
25-Jul-2018 20:00,25-Jul-2018 21:00,0.0
25-Jul-2018 21:00,25-Jul-2018 22:00,0.0
25-Jul-2018 22:00,25-Jul-2018 23:00,0.0
25-Jul-2018 23:00,26-Jul-2018 00:00,0.0
26-Jul-2018 00:00,26-Jul-2018 01:00,0.0
26-Jul-2018 01:00,26-Jul-2018 02:00,7.33548551644219
26-Jul-2018 02:00,26-Jul-2018 03:00,2705.10859044506
26-Jul-2018 03:00,26-Jul-2018 04:00,905.555924038498
26-Jul-2018 04:00,26-Jul-2018 05:00,1726.64855258811
26-Jul-2018 05:00,26-Jul-2018 06:00,2108.35144741189
26-Jul-2018 06:00,26-Jul-2018 07:00,0.0
26-Jul-2018 07:00,26-Jul-2018 08:00,5695.97456469518
26-Jul-2018 08:00,26-Jul-2018 09:00,2966.54618641599
26-Jul-2018 09:00,26-Jul-2018 10:00,1329.47924888883
26-Jul-2018 10:00,26-Jul-2018 11:00,0.0
26-Jul-2018 11:00,26-Jul-2018 12:00,88.4128951959101
26-Jul-2018 12:00,26-Jul-2018 13:00,67.5871048040899
26-Jul-2018 13:00,26-Jul-2018 14:00,0.0
26-Jul-2018 14:00,26-Jul-2018 15:00,0.0
26-Jul-2018 15:00,26-Jul-2018 16:00,0.0
26-Jul-2018 16:00,26-Jul-2018 17:00,0.0
26-Jul-2018 17:00,26-Jul-2018 18:00,0.0
26-Jul-2018 18:00,26-Jul-2018 19:00,0.0
26-Jul-2018 19:00,26-Jul-2018 20:00,0.0
26-Jul-2018 20:00,26-Jul-2018 21:00,0.0
26-Jul-2018 21:00,26-Jul-2018 22:00,0.0
26-Jul-2018 22:00,26-Jul-2018 23:00,0.0
26-Jul-2018 23:00,27-Jul-2018 00:00,0.0
27-Jul-2018 00:00,27-Jul-2018 01:00,0.0
27-Jul-2018 01:00,27-Jul-2018 02:00,0.0
27-Jul-2018 02:00,27-Jul-2018 03:00,1869.39945234499
27-Jul-2018 03:00,27-Jul-2018 04:00,1886.60054765501
27-Jul-2018 04:00,27-Jul-2018 05:00,115.0
27-Jul-2018 05:00,27-Jul-2018 06:00,1748.17032584319
27-Jul-2018 06:00,27-Jul-2018 07:00,171.829674156807
27-Jul-2018 07:00,27-Jul-2018 08:00,135.0
27-Jul-2018 08:00,27-Jul-2018 09:00,593.0
27-Jul-2018 09:00,27-Jul-2018 10:00,1924.0
27-Jul-2018 10:00,27-Jul-2018 11:00,1685.0
27-Jul-2018 11:00,27-Jul-2018 12:00,0.0
27-Jul-2018 12:00,27-Jul-2018 13:00,227.0
27-Jul-2018 13:00,27-Jul-2018 14:00,0.0
27-Jul-2018 14:00,27-Jul-2018 15:00,0.0
27-Jul-2018 15:00,27-Jul-2018 16:00,23.0
27-Jul-2018 16:00,27-Jul-2018 17:00,0.0
27-Jul-2018 17:00,27-Jul-2018 18:00,0.0
27-Jul-2018 18:00,27-Jul-2018 19:00,0.0
27-Jul-2018 19:00,27-Jul-2018 20:00,0.0
27-Jul-2018 20:00,27-Jul-2018 21:00,0.0
27-Jul-2018 21:00,27-Jul-2018 22:00,0.0
27-Jul-2018 22:00,27-Jul-2018 23:00,0.0
27-Jul-2018 23:00,28-Jul-2018 00:00,0.0
28-Jul-2018 00:00,28-Jul-2018 01:00,24.0
28-Jul-2018 01:00,28-Jul-2018 02:00,115.055912853486
28-Jul-2018 02:00,28-Jul-2018 03:00,1847.19735808707
28-Jul-2018 03:00,28-Jul-2018 04:00,2395.41466806104
28-Jul-2018 04:00,28-Jul-2018 05:00,20.3320609984098
28-Jul-2018 05:00,28-Jul-2018 06:00,461.09017342888
28-Jul-2018 06:00,28-Jul-2018 07:00,4320.47752553512
28-Jul-2018 07:00,28-Jul-2018 08:00,2354.432301036
28-Jul-2018 08:00,28-Jul-2018 09:00,14.4897381892865
28-Jul-2018 09:00,28-Jul-2018 10:00,969.510261810714
28-Jul-2018 10:00,28-Jul-2018 11:00,767.272278793063
28-Jul-2018 11:00,28-Jul-2018 12:00,105.727721206937
28-Jul-2018 12:00,28-Jul-2018 13:00,0.0
28-Jul-2018 13:00,28-Jul-2018 14:00,0.0
28-Jul-2018 14:00,28-Jul-2018 15:00,0.0
28-Jul-2018 15:00,28-Jul-2018 16:00,0.0
28-Jul-2018 16:00,28-Jul-2018 17:00,625.499285063001
28-Jul-2018 17:00,28-Jul-2018 18:00,529.500714936999
28-Jul-2018 18:00,28-Jul-2018 19:00,1.0
28-Jul-2018 19:00,28-Jul-2018 20:00,0.0
28-Jul-2018 20:00,28-Jul-2018 21:00,0.0
28-Jul-2018 21:00,28-Jul-2018 22:00,0.0
28-Jul-2018 22:00,28-Jul-2018 23:00,0.0
28-Jul-2018 23:00,29-Jul-2018 00:00,0.0
29-Jul-2018 00:00,29-Jul-2018 01:00,0.0
29-Jul-2018 01:00,29-Jul-2018 02:00,0.0
29-Jul-2018 02:00,29-Jul-2018 03:00,0.0
29-Jul-2018 03:00,29-Jul-2018 04:00,984.089729795009
29-Jul-2018 04:00,29-Jul-2018 05:00,3524.59630047064
29-Jul-2018 05:00,29-Jul-2018 06:00,1425.5409619274
29-Jul-2018 06:00,29-Jul-2018 07:00,1178.88452220724
29-Jul-2018 07:00,29-Jul-2018 08:00,1645.74959076663
29-Jul-2018 08:00,29-Jul-2018 09:00,1081.13889483308
29-Jul-2018 09:00,29-Jul-2018 10:00,1521.0
29-Jul-2018 10:00,29-Jul-2018 11:00,263.0
29-Jul-2018 11:00,29-Jul-2018 12:00,8.29682104576765
29-Jul-2018 12:00,29-Jul-2018 13:00,2566.70317895423
29-Jul-2018 13:00,29-Jul-2018 14:00,1365.17186359478
29-Jul-2018 14:00,29-Jul-2018 15:00,144.828136405224
29-Jul-2018 15:00,29-Jul-2018 16:00,3256.93120691147
29-Jul-2018 16:00,29-Jul-2018 17:00,505.068793088531
29-Jul-2018 17:00,29-Jul-2018 18:00,0.0
29-Jul-2018 18:00,29-Jul-2018 19:00,0.0
29-Jul-2018 19:00,29-Jul-2018 20:00,0.0
29-Jul-2018 20:00,29-Jul-2018 21:00,0.0
29-Jul-2018 21:00,29-Jul-2018 22:00,0.0
29-Jul-2018 22:00,29-Jul-2018 23:00,0.0
29-Jul-2018 23:00,30-Jul-2018 00:00,0.0
30-Jul-2018 00:00,30-Jul-2018 01:00,0.0
30-Jul-2018 01:00,30-Jul-2018 02:00,0.0
30-Jul-2018 02:00,30-Jul-2018 03:00,434.744686095942
30-Jul-2018 03:00,30-Jul-2018 04:00,1524.25531390406
30-Jul-2018 04:00,30-Jul-2018 05:00,0.0
30-Jul-2018 05:00,30-Jul-2018 06:00,220.902940116731
30-Jul-2018 06:00,30-Jul-2018 07:00,367.097059883269
30-Jul-2018 07:00,30-Jul-2018 08:00,0.0
30-Jul-2018 08:00,30-Jul-2018 09:00,416.337513737167
30-Jul-2018 09:00,30-Jul-2018 10:00,870.261530444887
30-Jul-2018 10:00,30-Jul-2018 11:00,665.41685552202
30-Jul-2018 11:00,30-Jul-2018 12:00,332.984100295926
30-Jul-2018 12:00,30-Jul-2018 13:00,479.721744443951
30-Jul-2018 13:00,30-Jul-2018 14:00,1049.85746599374
30-Jul-2018 14:00,30-Jul-2018 15:00,1499.42078956231
30-Jul-2018 15:00,30-Jul-2018 16:00,0.0
30-Jul-2018 16:00,30-Jul-2018 17:00,0.0
30-Jul-2018 17:00,30-Jul-2018 18:00,0.0
30-Jul-2018 18:00,30-Jul-2018 19:00,0.0
30-Jul-2018 19:00,30-Jul-2018 20:00,0.0
30-Jul-2018 20:00,30-Jul-2018 21:00,0.0
30-Jul-2018 21:00,30-Jul-2018 22:00,0.0
30-Jul-2018 22:00,30-Jul-2018 23:00,0.0
30-Jul-2018 23:00,31-Jul-2018 00:00,0.0
31-Jul-2018 00:00,31-Jul-2018 01:00,949.102523524612
31-Jul-2018 01:00,31-Jul-2018 02:00,568.897476475388
31-Jul-2018 02:00,31-Jul-2018 03:00,0.0
31-Jul-2018 03:00,31-Jul-2018 04:00,807.0
31-Jul-2018 04:00,31-Jul-2018 05:00,407.0
31-Jul-2018 05:00,31-Jul-2018 06:00,610.0
31-Jul-2018 06:00,31-Jul-2018 07:00,669.0
31-Jul-2018 07:00,31-Jul-2018 08:00,1384.99713656555
31-Jul-2018 08:00,31-Jul-2018 09:00,1911.2141757513
31-Jul-2018 09:00,31-Jul-2018 10:00,360.788687683153
31-Jul-2018 10:00,31-Jul-2018 11:00,126.646060970583
31-Jul-2018 11:00,31-Jul-2018 12:00,2087.35393902942
31-Jul-2018 12:00,31-Jul-2018 13:00,1772.0
31-Jul-2018 13:00,31-Jul-2018 14:00,1836.72273962404
31-Jul-2018 14:00,31-Jul-2018 15:00,707.247972072036
31-Jul-2018 15:00,31-Jul-2018 16:00,2850.02928830393
31-Jul-2018 16:00,31-Jul-2018 17:00,0.0
31-Jul-2018 17:00,31-Jul-2018 18:00,0.0
31-Jul-2018 18:00,31-Jul-2018 19:00,0.0
31-Jul-2018 19:00,31-Jul-2018 20:00,0.0
31-Jul-2018 20:00,31-Jul-2018 21:00,0.0
31-Jul-2018 21:00,31-Jul-2018 22:00,0.0
31-Jul-2018 22:00,31-Jul-2018 23:00,0.0
31-Jul-2018 23:00,01-Aug-2018 00:00,0.0
01-Aug-2018 00:00,01-Aug-2018 01:00,0.0
01-Aug-2018 01:00,01-Aug-2018 02:00,0.0
01-Aug-2018 02:00,01-Aug-2018 03:00,515.409297745894
01-Aug-2018 03:00,01-Aug-2018 04:00,2651.73942224359
01-Aug-2018 04:00,01-Aug-2018 05:00,565.851280010519
01-Aug-2018 05:00,01-Aug-2018 06:00,764.798832989401
01-Aug-2018 06:00,01-Aug-2018 07:00,2300.73649243838
01-Aug-2018 07:00,01-Aug-2018 08:00,475.464674572217
01-Aug-2018 08:00,01-Aug-2018 09:00,1423.01698055523
01-Aug-2018 09:00,01-Aug-2018 10:00,1187.2514676215
01-Aug-2018 10:00,01-Aug-2018 11:00,150.211291631791
01-Aug-2018 11:00,01-Aug-2018 12:00,2323.52026019148
01-Aug-2018 12:00,01-Aug-2018 13:00,285.324824927844
01-Aug-2018 13:00,01-Aug-2018 14:00,184.675175072156
01-Aug-2018 14:00,01-Aug-2018 15:00,1424.9325851826
01-Aug-2018 15:00,01-Aug-2018 16:00,3335.0674148174
01-Aug-2018 16:00,01-Aug-2018 17:00,0.0
01-Aug-2018 17:00,01-Aug-2018 18:00,0.0
01-Aug-2018 18:00,01-Aug-2018 19:00,0.0
01-Aug-2018 19:00,01-Aug-2018 20:00,0.0
01-Aug-2018 20:00,01-Aug-2018 21:00,0.0
01-Aug-2018 21:00,01-Aug-2018 22:00,0.0
01-Aug-2018 22:00,01-Aug-2018 23:00,0.0
01-Aug-2018 23:00,02-Aug-2018 00:00,0.0
02-Aug-2018 00:00,02-Aug-2018 01:00,0.0
02-Aug-2018 01:00,02-Aug-2018 02:00,0.0
02-Aug-2018 02:00,02-Aug-2018 03:00,1426.67405366048
02-Aug-2018 03:00,02-Aug-2018 04:00,270.325946339516
02-Aug-2018 04:00,02-Aug-2018 05:00,127.459557170256
02-Aug-2018 05:00,02-Aug-2018 06:00,441.540442829744
02-Aug-2018 06:00,02-Aug-2018 07:00,3121.89539758805
02-Aug-2018 07:00,02-Aug-2018 08:00,1237.10460241195
02-Aug-2018 08:00,02-Aug-2018 09:00,1468.0
02-Aug-2018 09:00,02-Aug-2018 10:00,1556.0
02-Aug-2018 10:00,02-Aug-2018 11:00,2224.0
02-Aug-2018 11:00,02-Aug-2018 12:00,1004.40765936274
02-Aug-2018 12:00,02-Aug-2018 13:00,428.592340637259
02-Aug-2018 13:00,02-Aug-2018 14:00,525.372958372743
02-Aug-2018 14:00,02-Aug-2018 15:00,2429.62704162726
02-Aug-2018 15:00,02-Aug-2018 16:00,2910.41618656445
02-Aug-2018 16:00,02-Aug-2018 17:00,794.583813435554
02-Aug-2018 17:00,02-Aug-2018 18:00,0.0
02-Aug-2018 18:00,02-Aug-2018 19:00,0.0
02-Aug-2018 19:00,02-Aug-2018 20:00,0.0
02-Aug-2018 20:00,02-Aug-2018 21:00,0.0
02-Aug-2018 21:00,02-Aug-2018 22:00,0.0
02-Aug-2018 22:00,02-Aug-2018 23:00,0.0
02-Aug-2018 23:00,03-Aug-2018 00:00,0.0
03-Aug-2018 00:00,03-Aug-2018 01:00,0.0
03-Aug-2018 01:00,03-Aug-2018 02:00,0.0
03-Aug-2018 02:00,03-Aug-2018 03:00,1573.0
03-Aug-2018 03:00,03-Aug-2018 04:00,237.0
03-Aug-2018 04:00,03-Aug-2018 05:00,375.074520230033
03-Aug-2018 05:00,03-Aug-2018 06:00,1952.45605723981
03-Aug-2018 06:00,03-Aug-2018 07:00,376.469422530158
03-Aug-2018 07:00,03-Aug-2018 08:00,3378.22184492479
03-Aug-2018 08:00,03-Aug-2018 09:00,2452.38597321333
03-Aug-2018 09:00,03-Aug-2018 10:00,1710.36802202597
03-Aug-2018 10:00,03-Aug-2018 11:00,2057.2625153319
03-Aug-2018 11:00,03-Aug-2018 12:00,1258.76164450401
03-Aug-2018 12:00,03-Aug-2018 13:00,739.0
03-Aug-2018 13:00,03-Aug-2018 14:00,1262.0
03-Aug-2018 14:00,03-Aug-2018 15:00,703.0
03-Aug-2018 15:00,03-Aug-2018 16:00,777.0
03-Aug-2018 16:00,03-Aug-2018 17:00,18.0
03-Aug-2018 17:00,03-Aug-2018 18:00,0.0
03-Aug-2018 18:00,03-Aug-2018 19:00,0.0
03-Aug-2018 19:00,03-Aug-2018 20:00,0.0
03-Aug-2018 20:00,03-Aug-2018 21:00,0.0
03-Aug-2018 21:00,03-Aug-2018 22:00,0.0
03-Aug-2018 22:00,03-Aug-2018 23:00,0.0
03-Aug-2018 23:00,04-Aug-2018 00:00,0.0
04-Aug-2018 00:00,04-Aug-2018 01:00,653.0
04-Aug-2018 01:00,04-Aug-2018 02:00,8.0
04-Aug-2018 02:00,04-Aug-2018 03:00,297.754750610186
04-Aug-2018 03:00,04-Aug-2018 04:00,832.695743256947
04-Aug-2018 04:00,04-Aug-2018 05:00,2822.54950613287
04-Aug-2018 05:00,04-Aug-2018 06:00,2695.38658192605
04-Aug-2018 06:00,04-Aug-2018 07:00,3084.33109004499
04-Aug-2018 07:00,04-Aug-2018 08:00,567.282328028957
04-Aug-2018 08:00,04-Aug-2018 09:00,0.0
04-Aug-2018 09:00,04-Aug-2018 10:00,437.621160314007
04-Aug-2018 10:00,04-Aug-2018 11:00,526.378839685993
04-Aug-2018 11:00,04-Aug-2018 12:00,1090.617844447
04-Aug-2018 12:00,04-Aug-2018 13:00,478.670963184258
04-Aug-2018 13:00,04-Aug-2018 14:00,558.711192368741
04-Aug-2018 14:00,04-Aug-2018 15:00,11.0
04-Aug-2018 15:00,04-Aug-2018 16:00,0.0
04-Aug-2018 16:00,04-Aug-2018 17:00,0.0
04-Aug-2018 17:00,04-Aug-2018 18:00,0.0
04-Aug-2018 18:00,04-Aug-2018 19:00,0.0
04-Aug-2018 19:00,04-Aug-2018 20:00,0.0
04-Aug-2018 20:00,04-Aug-2018 21:00,0.0
04-Aug-2018 21:00,04-Aug-2018 22:00,0.0
04-Aug-2018 22:00,04-Aug-2018 23:00,0.0
04-Aug-2018 23:00,05-Aug-2018 00:00,0.0
05-Aug-2018 00:00,05-Aug-2018 01:00,0.0
05-Aug-2018 01:00,05-Aug-2018 02:00,0.0
05-Aug-2018 02:00,05-Aug-2018 03:00,72.0152095036751
05-Aug-2018 03:00,05-Aug-2018 04:00,2195.63062818875
05-Aug-2018 04:00,05-Aug-2018 05:00,1950.52825458464
05-Aug-2018 05:00,05-Aug-2018 06:00,572.200541009716
05-Aug-2018 06:00,05-Aug-2018 07:00,976.182211341805
05-Aug-2018 07:00,05-Aug-2018 08:00,1458.44315537141
05-Aug-2018 08:00,05-Aug-2018 09:00,352.0
05-Aug-2018 09:00,05-Aug-2018 10:00,0.0
05-Aug-2018 10:00,05-Aug-2018 11:00,0.0
05-Aug-2018 11:00,05-Aug-2018 12:00,1884.4016379131
05-Aug-2018 12:00,05-Aug-2018 13:00,664.5983620869
05-Aug-2018 13:00,05-Aug-2018 14:00,0.0
05-Aug-2018 14:00,05-Aug-2018 15:00,1738.22578074743
05-Aug-2018 15:00,05-Aug-2018 16:00,48.7742192525656
05-Aug-2018 16:00,05-Aug-2018 17:00,0.0
05-Aug-2018 17:00,05-Aug-2018 18:00,0.0
05-Aug-2018 18:00,05-Aug-2018 19:00,0.0
05-Aug-2018 19:00,05-Aug-2018 20:00,0.0
05-Aug-2018 20:00,05-Aug-2018 21:00,0.0
05-Aug-2018 21:00,05-Aug-2018 22:00,0.0
05-Aug-2018 22:00,05-Aug-2018 23:00,0.0
05-Aug-2018 23:00,06-Aug-2018 00:00,0.0
06-Aug-2018 00:00,06-Aug-2018 01:00,0.0
06-Aug-2018 01:00,06-Aug-2018 02:00,0.0
06-Aug-2018 02:00,06-Aug-2018 03:00,0.0
06-Aug-2018 03:00,06-Aug-2018 04:00,0.0
06-Aug-2018 04:00,06-Aug-2018 05:00,0.0
06-Aug-2018 05:00,06-Aug-2018 06:00,0.0
06-Aug-2018 06:00,06-Aug-2018 07:00,768.403658120599
06-Aug-2018 07:00,06-Aug-2018 08:00,548.596341879401
06-Aug-2018 08:00,06-Aug-2018 09:00,2013.0
06-Aug-2018 09:00,06-Aug-2018 10:00,628.376109321735
06-Aug-2018 10:00,06-Aug-2018 11:00,320.623890678265
06-Aug-2018 11:00,06-Aug-2018 12:00,8.79649559543353
06-Aug-2018 12:00,06-Aug-2018 13:00,1389.20350440457
06-Aug-2018 13:00,06-Aug-2018 14:00,1145.00765303688
06-Aug-2018 14:00,06-Aug-2018 15:00,14.9923469631216
06-Aug-2018 15:00,06-Aug-2018 16:00,240.0
06-Aug-2018 16:00,06-Aug-2018 17:00,60.5859495716165
06-Aug-2018 17:00,06-Aug-2018 18:00,410.414050428383
06-Aug-2018 18:00,06-Aug-2018 19:00,60.6843340229561
06-Aug-2018 19:00,06-Aug-2018 20:00,1.31566597704387
06-Aug-2018 20:00,06-Aug-2018 21:00,0.0
06-Aug-2018 21:00,06-Aug-2018 22:00,29.0
06-Aug-2018 22:00,06-Aug-2018 23:00,0.0
06-Aug-2018 23:00,07-Aug-2018 00:00,0.0
07-Aug-2018 00:00,07-Aug-2018 01:00,0.0
07-Aug-2018 01:00,07-Aug-2018 02:00,0.0
07-Aug-2018 02:00,07-Aug-2018 03:00,0.0
07-Aug-2018 03:00,07-Aug-2018 04:00,0.0
07-Aug-2018 04:00,07-Aug-2018 05:00,0.0
07-Aug-2018 05:00,07-Aug-2018 06:00,0.0
07-Aug-2018 06:00,07-Aug-2018 07:00,0.0
07-Aug-2018 07:00,07-Aug-2018 08:00,0.0
07-Aug-2018 08:00,07-Aug-2018 09:00,105.0
07-Aug-2018 09:00,07-Aug-2018 10:00,2756.0
07-Aug-2018 10:00,07-Aug-2018 11:00,309.0
07-Aug-2018 11:00,07-Aug-2018 12:00,26.4422491053666
07-Aug-2018 12:00,07-Aug-2018 13:00,669.557750894633
07-Aug-2018 13:00,07-Aug-2018 14:00,523.035540712151
07-Aug-2018 14:00,07-Aug-2018 15:00,204.949095747815
07-Aug-2018 15:00,07-Aug-2018 16:00,796.478997001472
07-Aug-2018 16:00,07-Aug-2018 17:00,203.536366538562
07-Aug-2018 17:00,07-Aug-2018 18:00,0.0
07-Aug-2018 18:00,07-Aug-2018 19:00,0.0
07-Aug-2018 19:00,07-Aug-2018 20:00,0.0
07-Aug-2018 20:00,07-Aug-2018 21:00,0.0
